Normal_Distribution,Skewed_Distribution,Bimodal_Distribution
54.96714153011233,3.666022702701539,28.453954614750682
48.61735698828815,2.2089763457015135,26.239217972047083
56.47688538100692,20.235682294082608,31.5958725520959
65.23029856408026,24.51589879023199,36.702252230115725
47.658466252766644,0.6419149347206422,20.624137651771278
47.6586304305082,55.043881088978175,30.575130395737087
65.79212815507391,1.0674097135801606,29.199336022166797
57.67434729152909,15.58701776191244,33.35670038225233
45.30525614065048,24.69280008122478,31.065983141188447
55.42560043585965,40.95407104909522,26.240153341305906
45.365823071875376,25.041349457440525,28.40473032166691
45.34270246429743,32.362317451934516,26.019870715982556
52.41962271566034,8.293654982928672,35.38003569299299
30.86719755342202,33.729091386958466,30.10655824335971
32.75082167486967,1.6701289951632532,39.50595342876504
44.37712470759027,45.04100637570432,29.696695930926897
39.87168879665576,15.86343365757859,26.457966165447687
53.142473325952736,33.997952193310375,22.431428036935863
40.91975924478789,12.041219438700928,20.984301618720274
35.87696298664709,20.632780034401776,22.079320284972553
64.65648768921554,14.947956279175392,31.335633255057417
47.74223699513465,26.304756699738412,32.54362511614967
50.67528204687924,1.7030979977791234,22.094046489839332
35.75251813786544,1.2450006263803015,34.475191570380574
44.556172754748175,5.676543150798327,27.5846947415828
51.10922589709866,3.476229730303001,30.733965059927748
38.490064225776976,41.08071114004797,38.06110314127712
53.75698018345672,4.949083163611078,34.48419657932766
43.99361310081195,74.48205618868187,28.657346760470837
47.083062502067236,8.216462486628586,25.544038872923565
43.98293387770603,4.020742079577058,19.240922993353475
68.52278184508938,31.18426195188695,26.4042334037879
49.86502775262066,21.500324106830373,28.944348805861527
39.422890710440996,13.790902174468675,25.06410236424408
58.225449121031886,16.20996598231241,29.343715164538477
37.791563500289776,25.402378794579327,30.384259414793842
52.08863595004755,5.187198913734134,28.875720090959607
30.403298761202244,112.1726246409541,26.7499870958827
36.71813951101569,73.61279955780189,30.84327335983364
51.96861235869123,21.015061802651136,32.209703247847045
57.38466579995411,4.451435569377867,24.548004612785768
51.7136828118997,22.802955905507375,37.054661898731354
48.843517176117594,1.4987474366858657,29.507059338578692
46.98896304410711,0.6226423304723896,30.094248114724238
35.214780096325725,5.959575062777931,33.541072116282784
42.801557916052914,12.421106037468778,31.166080656317508
45.393612290402125,40.54039850381681,34.76568316956622
60.57122226218915,25.97805957635778,31.43562082600912
53.43618289568462,27.150758094986436,26.93781312679781
32.36959844637266,11.084871588148278,31.80751762603051
53.24083969394795,8.490970653789653,24.28136896339669
46.149177195836835,9.27371301094594,30.542798528882617
43.23077999694041,87.88127783033008,29.833850046777695
56.11676288840868,0.8187148408785734,28.959415713637302
60.30999522495951,40.35285983511478,29.357312442805345
59.31280119116199,17.287034827053247,20.590754772511804
41.607824767773614,11.546981620693192,27.256375461295193
46.907876241487855,25.83843134977741,30.464224505705573
53.31263431403564,13.33668607198428,30.799281959987002
59.75545127122359,41.33812682535534,24.86162429537021
45.2082576215471,46.192569592407494,36.328539204323505
48.14341023336183,10.953974027080495,25.669125758927496
38.93665025993972,6.482158141702838,34.84728600263368
38.037933759193294,17.946942438818184,32.13597180935842
58.125258223941984,48.691118790471975,26.768863450780984
63.56240028570823,4.731217979000491,38.87655446304756
49.27989878419666,19.50842915399151,24.0318158412176
60.03532897892024,19.969560004510868,34.59577086805001
53.61636025047634,26.418600302537108,35.00291159021489
43.54880245394876,2.8213125940532087,26.646898954616777
53.61395605508414,25.1632981825422,36.962326500321645
65.38036566465969,47.945064125784896,28.749767427005235
49.64173960890049,3.961291215602891,31.443468146399287
65.64643655814007,5.424191833743239,31.301609193856102
23.802548959102555,71.08354077723023,29.32845629264726
58.21902504375224,3.992861095103158,34.05404136579891
50.870470682381715,38.53579535513316,33.967443602761065
47.009926495341325,13.556418851070982,21.257340133809095
50.91760776535502,5.6799393998874095,36.52170121439076
30.124310853991073,40.92012003489698,21.68754005982163
47.80328112162488,11.786746511199116,35.16273102170829
53.57112571511746,14.464597382022362,35.633525684137915
64.77894044741517,8.901799183556157,24.54516784892401
44.81729781726352,17.97642685370157,27.945928560227077
41.91506397106812,3.5711459523526274,24.47147665757032
44.982429564154636,9.92141812726947,28.925394848556323
59.15402117702074,69.74316083642287,28.459828579071292
53.287511096596845,5.971717608480124,33.8983026613467
44.70239796232961,21.385147690342055,36.55154373059804
55.13267433113356,7.866484087778542,36.97841905394978
50.9707754934804,29.6978338141433,27.18915986710849
59.68644990532889,2.805335592202735,28.95389063127736
42.979469061226474,70.01220908848799,21.58280903889525
46.723378534022316,12.095018443294755,25.970649667519055
46.078918468678424,5.385070869954404,34.82425816548729
35.364850518678814,1.5267544511187414,38.07791411774116
52.96120277064576,3.7207588020918787,23.82825564060039
52.610552721798896,14.669966908591629,27.037678704235528
50.05113456642461,8.219701596103333,29.867971215205365
47.65412866624853,35.30819768244315,31.400805794098034
35.84629257949586,11.273543813711848,25.95198240039177
45.79354677234641,5.719384739517021,32.12030522232045
46.572854834732304,19.201978331469356,27.63080326464542
41.97722730778381,24.5364521391869,29.927738645608603
48.387142883339905,3.6554389537169363,32.7314212400185
54.040508568145384,3.6693054026152137,30.032111349054688
68.8618590121053,0.7472145601896547,27.818070547367157
51.74577812831839,26.66660241579668,29.451950980370846
52.57550390722764,21.80125050294198,29.558185203973323
49.25554084233833,12.873083392705855,28.14994485058936
30.812287847009586,37.179849813523006,28.706019686664487
49.73486124550783,32.763966423387025,37.99323585252358
50.60230209941027,17.60662027271843,32.8045972397062
74.63242112485287,40.54021253058005,28.522598409854197
48.076390352188774,4.609437007411471,33.48477202255368
53.015473423336125,2.3738604278056914,28.33090255121995
49.65288230294757,6.28735611456216,35.86562318793321
38.31321962380468,1.1756221345992541,31.84821096099047
61.42822814515021,15.150280856678878,29.463489279978855
57.519330326867745,55.167624108039334,32.23858462905139
57.910319470430466,0.8027683281876447,22.145619239657503
40.906125452052606,2.604677599662335,24.366162655450974
64.02794310936099,12.036864966038618,24.030374968004722
35.98148937207719,54.324173077519895,30.714715473818533
55.868570938002705,7.60051222113574,38.66257499742546
71.90455625809979,14.154450075426903,41.15650073096316
40.09463674869312,0.8492346600210339,33.19025550720379
44.33702270397228,3.2114330267283786,32.50422237472228
50.99651365087641,86.29502169066757,20.994711329236303
44.96524345883801,67.11608615639818,27.28663100132989
34.493365689338674,0.09904445947655231,26.061081240458805
50.68562974806027,60.65281597357631,26.89576200874442
39.37696286273895,20.38419227137002,29.159280907076052
54.73592430635182,40.48669133953021,27.639547111514364
40.80575765766197,12.12984538184019,20.10350094812106
65.4993440501754,14.49672137395542,33.73955128058767
42.16746707663763,13.421709990177199,24.636284871300965
46.77938483794324,21.98410474131167,31.196234320555746
58.135172173696695,3.0083490841891436,40.370413348749864
37.69135683566045,0.6086396183994254,25.403077042067885
52.27459934604129,7.361361760275617,17.348562386268352
63.07142754282428,24.39396695081679,28.569978890599447
33.92516765438772,4.509261088732207,35.50479817499286
51.84633858532304,22.38236818663958,39.79173727110297
52.598827942484235,70.0726078045842,23.852252027737915
57.8182287177731,1.9721278744357393,32.48349611618261
37.63049289121918,22.331581678090725,27.673447716099734
36.795433869157236,11.73075679514347,29.47025822847932
55.21941565616898,40.520632443870326,43.221716735085174
52.96984673233186,3.899621981172876,22.485148358024233
52.504928503458764,23.593797527607077,31.268698307472867
53.46448209496975,36.41741723195291,32.33846585882716
43.19975278421509,57.86864774760546,35.42893162469674
52.322536971610035,22.99272469969244,30.48991576735448
52.93072473298681,13.750252252230792,31.54025269752051
42.85648581973632,19.23869711101883,28.041757162891045
68.65774511144757,40.63665818735822,31.345634706225535
54.73832920911788,16.907781841380118,28.28403862251295
38.08696502797351,0.6171663546781039,33.107859449280255
56.5655360863383,53.45811014598346,28.15194831978183
40.253183297726785,23.393150720223005,31.885501969510933
57.87084603742452,22.57195087758978,29.853685931575107
61.58595579007404,4.858639960360479,35.63025125386084
41.7931768164829,21.510739873361775,29.74303138205757
59.63376129244322,10.013031297917177,21.134837658965594
54.12780926936498,21.06702271374473,36.30960750356996
58.2206015999449,2.254261375653921,25.471338495686904
68.96792982653947,21.449846369317132,26.7311683067559
47.54611883997129,148.8344581940881,27.02169352978254
42.4626383564251,0.9882599778860137,36.87219046585409
41.10485570374477,75.59726225124457,19.32162893010652
41.841897150345616,10.448113649091946,45.688742668299966
49.228982905858956,40.92066922031506,35.28028404533026
53.41151974816644,30.50060113868585,31.1161945706458
52.766907993300194,16.74110211853105,29.725529996918567
58.27183249036024,26.82253571705317,31.427770374288286
50.13001891877907,42.15938201916679,32.60561214189669
64.53534077157317,10.355001572974054,33.22607792975028
47.35343166762044,7.921184495820129,32.778022330017244
77.20169166589619,22.02792634344614,30.447903406276243
56.25667347765006,32.98915685942147,29.01330789846337
41.42842443583717,28.733667376410242,29.243633581732443
39.29107501938888,31.97130952895551,29.025458598236597
54.824724152431855,11.43924993483773,35.66885048433532
47.76537214674149,34.05676212771726,32.96778361140431
57.14000494092092,2.561419253071429,15.298056826678598
54.73237624573545,15.72671256688566,33.279503882648804
49.271710873431275,0.11550611032507709,30.973680973593876
41.532062819315954,7.848583818863757,29.90645621777051
34.851527753141355,9.128691252583723,28.05740773455557
45.53485047932979,10.089340703773349,35.620563599930065
58.56398794323472,23.779530040622884,34.73763231061429
52.14093744130204,9.83870685422813,26.135611660881956
37.542612212880115,11.90929171127857,32.03526143562267
51.73180925851182,5.424212974639558,25.14171632729357
53.85317379728837,9.344208011013524,23.101909176055347
41.16142563798867,5.156501950660976,26.866413877050174
51.53725105945528,1.5202617651077444,34.311967361913794
50.58208718446,18.498991906369124,34.76562522688043
38.57029702169377,22.065229501421378,32.56542710048647
53.577873603482836,19.324874602968364,33.625478934239986
55.60784526368234,12.453552300338949,32.58089143557479
60.830512431752766,9.553806895597997,26.792592023885238
60.53802052034903,39.804254437895096,32.159612723369705
36.22330632042909,14.641161096031873,34.00204762613841
40.62174960084877,13.047087830304989,33.77145664906787
55.1503526720866,0.5195310788402895,35.94456685737322
55.13785950912209,8.348157628215953,33.54151923600532
55.150476863060476,9.567027297976104,31.757241037707914
88.52731490654722,10.177310283959983,35.350751191582134
55.70890510693167,17.358221097305414,29.8673937037547
61.35565640180599,15.254342087057378,25.59062674386141
59.54001763493203,18.725027165496396,29.18466518028118
56.51391251305798,28.953462575737625,26.275486775967757
46.84730755359654,33.53140802970329,26.62410862512809
57.589692204932675,25.325694876627818,29.27740664642241
42.27174785462428,62.25597450008411,26.037900395000193
47.63181393259991,0.36801689165400053,28.4601923518048
45.14636452170897,4.357598214250259,20.531926665231072
50.81874139386323,0.15183237062831378,31.066468536864694
73.14658566673509,20.852658528155033,30.006027376811122
31.32734807408252,45.66164020132953,25.914556844659046
56.86260190374514,5.580586885555469,33.296228342162024
33.87284128810349,52.355383324474374,34.68785068813279
45.280681342105666,1.2431980387744128,21.962200678155128
60.889505969673664,54.49457846000236,26.18637610716893
50.64280019095463,8.665649586130769,26.15428825106351
39.22255222070694,2.1388092278387374,25.300484494455677
42.84696290740032,13.305650977988233,34.14737420965874
56.79597748934676,5.935171261563438,29.030869306135983
42.69633368282864,6.705899851833239,28.677425793446947
52.16458589581975,7.342875743225572,19.980688177966233
50.45571839903814,32.49366039930847,33.17709015104613
43.483996523941826,15.494142762765208,23.80370802573264
71.43944089325325,7.459213915069051,30.299663151331643
56.33919022318011,18.849295219090248,31.386884689790957
29.74857413342393,25.18623449296203,36.80329297919326
51.86454314769428,6.366234844160921,23.45589800440444
43.38213535231612,10.673326679182043,14.902439220895873
58.52433334796224,2.5995791904280106,30.919247723768475
42.07479261567299,3.9970713544427743,39.00255590755427
48.85263558533101,22.858673852523403,36.19473176469719
55.049872789804574,4.004131229672945,31.048297076373128
58.657551941701215,14.895689994642002,27.541819071839765
37.997035929442234,24.69181998879371,34.03561298318655
46.654987641590516,2.2606176704094088,25.132269001477656
45.25054688839044,16.754777451362937,32.3817888467811
43.46670767426288,5.929419201849683,32.52735079583314
67.65454240281096,65.89725943615852,35.3010495374944
54.049817109609556,13.215367426536142,43.79830019455539
37.391160456649544,32.79717434870718,31.962079835893835
59.17861947054776,15.980224999872224,27.455181871462507
71.22156197012633,0.8876609855973225,29.87212843904003
60.32465260551147,20.056119671487046,21.15462047555441
34.80630034045987,60.484010402494654,26.52643434455471
45.15765927133749,18.406568455076492,27.95358780943448
62.669111491866225,34.20604429415458,27.379558010327038
42.92330534381219,43.11893060308066,30.76177436016861
54.43819428146229,5.177481316730005,25.887900338088997
57.74634053429337,4.766281883603115,35.60515333662236
40.730695284219166,18.882541294190606,30.001035324590987
49.404746439382,10.587548646671545,29.953498394306926
17.58732659930927,36.634299643378476,28.36052641743541
39.756123586657104,46.05632707425712,30.775953419294897
47.4743184860684,8.721209568470293,34.125491323338174
37.52216818035151,5.406552292168861,25.664348921445498
66.32411303931636,30.330385915848975,26.709417554623716
35.69858622039367,6.426322454683316,28.481369856116675
45.599555133030165,34.5885785103807,23.270645382633926
51.30740577286091,11.023866015108204,25.903710701392512
64.41273289066116,22.025310064107405,27.618895632276704
35.6413784882056,2.0082403458225158,34.371945903563635
61.63163752154959,19.555841381307484,31.312806645009626
50.10233061019587,12.0211227592557,30.967949556837723
40.18491348952049,17.667202081332096,34.25448981083986
54.62103474263271,3.6787982984631586,29.313141058003016
51.9905969557347,26.702426094970654,31.952324249644448
43.99783122841205,39.725885264237554,29.48389123533752
50.69802084990019,4.885806533770787,31.326811746998143
46.1468640313824,2.0122042252560193,27.08620671194209
51.13517345251248,0.47844919863147983,17.805914208617857
56.62130674521047,20.542853760991747,29.32860418906848
65.86016816145352,18.68369946647836,37.1137406804997
37.62184501173151,15.823908267671314,34.631077011207964
71.33033374656267,5.277933258825777,34.82698742295585
30.479122004774982,9.915653301304104,36.18065360903109
48.482149049644164,18.05152095078644,30.443287954807186
55.883172064845766,13.734034299838317,30.986578537027977
52.809918677350325,88.10266326762653,26.91174052282825
43.77300480179406,2.933832252306546,28.41963571986475
47.918777496427246,23.758351248409273,33.07885574885571
45.06999065341167,10.360992016207987,36.01942218584408
44.106352430557884,11.179306513034316,29.302768621595003
58.496020970210246,25.28845722838106,27.749053675742942
53.57015485965047,23.58145150639629,30.002639794282988
43.070904047393455,94.7877361572874,33.00603374464558
58.995998754332504,2.748362482731662,22.78072591933229
53.072995208766095,2.1987450008131084,18.51909523431381
58.1286211883896,25.771655313470845,27.247315752542082
56.29628841923612,17.27334500935961,23.896437870429207
41.710049890779274,6.408531849000523,27.459299011763445
44.39818959803031,1.6550137469559494,29.26109840591264
57.472936051232615,1.7910174212781587,27.733757954884933
56.10370265433465,44.92237024931178,37.26233767235372
49.79098406035852,4.260580637199281,31.6337238230116
51.17327383308782,7.812659858951616,31.502371798054142
62.77664895788425,5.140636601912666,33.11103572021701
44.0842861116417,8.769984696208414,24.305834411096154
55.470973811700375,1.4390272146325966,35.195558937101346
47.97807347566106,14.640246440510696,29.6211785673227
47.8231879677278,1.4001369275488273,33.35240308620606
60.9877685198719,32.22444084318504,24.64071383479922
58.2541634898803,5.323946153684121,22.23120616991968
58.135096360006386,15.531093822971894,34.08944829012514
63.05478807154329,42.418456329794836,31.882047630487584
50.21003841632759,21.046640808205282,25.48974222821245
56.81952971294964,15.226712651494633,25.651684593626527
46.89733243406544,7.8411208496829214,35.62717392207385
53.24166352488442,8.099362024476935,24.05294053566336
48.698569456323156,22.14218301139472,38.21336476627982
50.96995964992718,102.78993349414608,25.496896326760655
55.95157025436914,21.684674539304623,33.191959628041914
41.81779316766527,16.319110219359626,28.356907621255075
70.9238727568546,26.234910483856225,33.01593715541171
39.93982618500298,12.517458559648178,27.279429989429037
37.85811387212268,1.2405368696643508,29.18603546963853
61.581108735000676,16.52428520287922,30.204595876978605
57.91662693962936,63.224068545906704,24.989062721092637
56.24119817052155,3.854783258814071,33.70412172710063
56.2834550926428,23.423975169365157,27.433932167642073
49.87753227153085,4.486226874845159,28.857000423299908
41.02745628514168,15.34998852052893,25.028253126957438
50.75804558193726,2.033489674047218,17.188331706023448
43.22838288487888,11.970233156917613,29.044861186999157
59.75119733417751,28.225133170849134,42.063077108064576
48.52942618497861,8.541075229709083,33.92302143949012
41.745028032074885,21.86722545752177,29.903698101328025
46.78614158347007,31.738852858327004,28.68554585395866
54.12931454275624,52.39469385408418,30.11232946406023
44.36275447196025,5.348233754311113,32.73559557587605
41.77779604433569,10.193722658290696,24.095935923455777
52.436872114919126,3.307306906448056,35.57160847334436
52.44966571108723,97.8130992409611,33.57690657720622
44.9305682462887,52.346181943171445,33.59092862853967
45.289616943816775,15.528711975982453,32.192378694048635
52.32049937357636,36.90741984123943,30.09808328846995
35.51915658502676,14.719339105965725,33.3643061798341
35.92536225623445,19.541296972434615,32.95907066870689
42.81555778747564,1.866979590860436,28.22979644529488
47.86552848288153,28.152028703114777,27.131991135515495
53.10907565598005,2.732746704578142,30.509281476309933
64.75356216949552,34.981774698706786,37.74510075747594
58.576596232020194,30.467781340373303,23.804464621730496
48.40061470036573,24.67110138187218,22.662373671237802
49.80983792097311,0.7366073610310624,30.823804206182583
39.97470635362191,7.223080801031003,30.25443850928009
49.8148686400761,6.106402783582549,30.86670832185204
47.11341361079862,8.93000524039034,31.219765989542502
53.227185603380896,1.8344728114475526,28.883988726825976
41.727690564476774,55.27902601784148,37.44931719301041
55.193465142411725,16.13986037526363,21.99548010761742
65.32738913002578,7.291962438952043,25.85751487609877
48.91239851543143,10.116148622131982,29.483726199254765
54.01711722098941,11.855272044852605,21.784055944229163
56.90143991711113,18.35555340441584,29.120727977839643
45.987795281141636,14.500165040908792,38.30735082864009
52.24092481810417,50.363140930352934,30.10443244147981
50.12592400781795,13.741850258415791,31.153504528593416
50.97676098548832,96.9652653072047,23.6991761741371
42.26990216144534,38.13330226656561,26.918192959802614
50.245101742589426,4.676773676788637,28.124018098380315
54.979982912454496,53.355989211777086,28.41142451621883
64.51143607795042,2.474255590198859,36.40821897501884
59.59270826085207,34.01459148021451,32.788455303625625
71.53182457511556,9.580832373341943,24.44271021531484
42.326524371119504,42.07047536486472,31.232523892160025
58.723206367206785,40.507658383112535,32.491108742483924
51.83342005738352,32.79025316714895,35.700745192606334
71.89802933217672,31.215853871285223,37.90270343284187
41.91701714644849,7.267637391835735,24.924529040860655
41.602781578192236,1.6876265840149893,25.94571244394831
44.00607354555978,10.316099294845992,23.71211070542692
28.76104275690193,3.811700467333151,28.829900704465093
44.74244978319239,23.74566301954948,32.331791872231676
42.40867338446302,8.496008524262127,34.93667258294551
51.50393786476208,74.27180604254166,29.620244881787386
53.41755975777159,20.487102290722486,28.40076238372578
68.76170839215887,34.573503508198755,30.758789961243703
59.5042383818605,2.843364175331189,25.824285491849885
44.23096344337597,39.61213086672902,40.44769360847387
41.01585328651642,51.216028972322654,21.961694864409708
54.919191715065054,13.352002810964986,30.923702894478623
36.797667929793576,18.64093099649981,40.1180310961482
68.31458765854353,28.947214686636755,30.033999222799988
61.79440120721287,3.843526169091586,29.049804824992528
45.30824347895295,13.96585096432789,28.212772885947864
32.868654709091224,10.171996313391356,29.09804159118796
63.538723741654124,3.1652422209052204,36.86424237338265
48.85460154747382,9.162589649134631,18.940690443352466
62.378163119734616,1.4121472540822042,37.66716850648163
34.05572341205633,0.5230175993762529,22.880214237749275
44.00624977046227,2.9043606465712717,28.666738353827927
50.05243699718183,65.99906679954215,27.853777898506692
50.46980593764742,15.949255331162458,32.942766348853596
45.49934528520756,67.52355663768212,22.009378240581263
56.228499323474985,11.330215820164998,32.31086333040972
39.32379570617405,7.473984566614082,40.12154811643426
48.576205149787064,14.110139495545994,23.184129977035948
51.20295631711899,11.578937812530967,30.94853083805198
55.14438834058749,2.2334900119678385,26.690089111016956
57.1161487808889,20.478984087949854,32.12943603096518
38.75357908162131,4.867899239966613,30.09573888707876
34.65885829264378,19.330005690115275,26.79256545477845
62.77676821898509,21.007936786492394,32.43936142435537
53.323140119795916,3.2980790310889283,39.021740548933714
42.51513463443446,1.2662441790106276,29.045481041363505
65.51151975522524,30.351909864478603,33.59878971074091
51.156746342928585,12.316332441827726,23.53363521064418
61.792971840638266,1.198478002076317,25.217818115909957
50.67518481410109,105.43863953473331,32.362031389401885
70.60747924881987,1.1903416284884736,37.420580142679825
67.55340842443204,23.751180270003026,31.7780667439283
47.51035851520926,82.30596155313906,28.434709847384227
59.71570950954356,5.467172339142941,29.99645702711677
56.45375949585147,3.068837224671699,23.747961330151412
63.68631557532349,2.588168120480187,33.022576631776836
40.35076539419896,7.227294118822196,34.41166531161704
56.86051459998439,2.1304640710312297,27.7395483358346
60.58424486849588,23.563589398563668,27.649789261202493
32.41260513576886,1.2863292759905418,31.329391148260243
38.16741487334225,14.243425048692737,27.816401319797023
29.607678222398995,114.2575977359987,29.669336926870887
47.305931655554424,33.63697553353431,40.49860894583258
57.17542255795962,19.101641532397473,28.76487149627002
65.02357052096028,7.312976661739706,28.20829923989389
50.74094780419775,19.557782856380474,26.762290971824203
66.28615545571292,14.974951117590685,33.720959857499686
36.198985417851084,11.105423226333915,29.093879133909486
32.96617560644845,2.8015785172069023,26.753134808392872
49.44452301103381,43.53742119624095,36.60652016136506
53.840654489393074,11.948910595855644,37.098015022568184
49.67305251905907,4.328883641228272,26.997882171306475
29.325578999601234,9.169703667658705,20.66730024319692
49.10879960487212,10.69313869240268,35.03756844918461
36.95530499495147,35.151555021810665,26.57685087119998
56.69672548830039,26.456206457185566,33.953127995813844
53.66598246096848,29.333166523403836,20.149480911440822
40.60120213672645,0.22185120043067724,34.462986691496546
44.861330826633065,10.762360528819508,23.944140353596094
39.40786478111048,13.130294420763214,33.653820595332625
49.37320902726828,0.38757678932892603,30.071365339182172
59.551423205012384,6.017054080436526,25.230302903016778
40.14273953664456,28.56649363428756,27.964818435366098
55.040465155178445,2.9493543466777856,33.431592284783505
44.69742381627559,15.327700905297164,30.52947226557617
42.07127167737656,4.846575121537875,32.92206490236242
48.929696400454425,0.2438966049755524,39.88220292257743
39.64757677580626,5.5203792370059865,22.178791941444743
44.46350694652818,74.48910046285756,38.08606287484312
38.021221074111516,32.343063159230944,30.521779687616064
69.6472513291639,64.16695100382466,25.50607975838436
50.35263551971729,13.38291248222336,23.348431871305053
43.00274492007414,2.3247490839038503,29.054398046114834
52.13979910734222,15.87966954003389,34.6082505596223
48.8767195030917,12.11655262173857,29.362254398112327
47.79030400466777,37.20381774799618,37.55577465123674
56.14166700043425,2.0646463217324764,22.744121549742204
57.57507710047305,13.398034712596925,29.939555260769726
44.69498852389472,3.251523674358489,23.738032777934404
44.2418175935532,7.851251900274089,31.81815941312484
47.24948302848356,26.739197560495818,34.4344369504865
26.98078835264415,12.925963865832355,27.896191031594732
34.84808937801448,9.428517928431852,16.97893071686433
63.66874267444525,10.033230803171564,30.99474073398247
66.44967713501283,12.303243218338464,32.18369275866755
47.50963960443622,30.74388403788928,32.02147377480849
55.765569630557664,44.528170326474935,36.17891095911077
53.112501545435364,62.171161260446,24.644731601754756
80.78880808455239,30.920192609113954,33.40108052725225
61.195749114345766,7.578612512081025,35.962537562389876
48.72082408519233,23.30367869362041,21.107062079967417
40.44459559399574,11.510949867297878,31.598259129594886
33.93553679742428,5.8785808049795545,27.479100844961643
52.03463635867223,36.760874523811566,29.59238663449177
42.436492547156966,0.7836823348751211,31.738382417691682
35.77746290402326,46.407241860807446,27.56385717943224
43.534271157574736,12.378518696785592,26.62145960419194
39.18451996385605,20.27815262669115,30.170762087440124
66.87141635072564,21.538224714325246,24.563770305685985
58.816397569494505,45.09833796118041,24.570874355574073
49.92027358683383,20.248857840085424,33.396866414782515
64.79944138890026,19.034917282217442,24.25602982420672
50.77368307647618,1.379544015638108,33.331562504546056
41.38715798671736,14.613160839784364,32.31295646426975
65.23124077269657,3.2543554751324297,21.370966356047017
55.38910043684659,26.7450383828549,26.612176738321725
39.62753845673544,14.357894646508566,35.97054701523686
48.09661321916392,22.802926933430165,25.09417234430159
41.24381746615243,0.8513223883270871,27.677978688453063
36.172002690356635,1.7720786933695707,32.31030446625948
59.26177547531641,25.19840759965853,73.91695254641297
69.0941664047013,1.496288592692527,68.74230556977753
36.01432426180859,1.4784585373802417,67.01244902654179
55.62969236690571,0.2436476001959194,77.11184930849254
43.49357430878173,62.700529724395786,78.6944983189879
45.12874616235304,26.750720860313216,74.89429025390898
44.07606075761131,8.715952714673984,70.42659071282512
41.36009230320184,7.034759624601977,65.95867139179536
50.48521627944827,8.606529013337601,65.84777796721717
41.69049883588962,29.802323994633007,72.61257052632878
52.704568257798385,21.656980352570066,72.09199110444342
49.49761890550863,4.096143102199993,77.00799296473215
47.6105195313359,3.825857629100438,73.25225046268069
40.92436337958402,2.07158982388679,62.48459849120091
44.23228669431667,21.594008200670256,75.2597380886146
57.55391225825756,28.910075984474318,65.00969686342793
55.009171876243805,6.158958991071806,68.08014364023825
40.22444755201449,0.42334836903230255,71.25100103125847
50.99332305429226,1.7148981491387219,79.97833744891982
57.51387123371789,68.75310005674686,85.5495927800268
33.305947188786284,7.003771306072507,73.03361529568092
55.43360192379935,29.326080866080403,69.08401690639806
43.37376241054153,19.59865010976076,72.67252824240275
55.70598668593159,9.623383116586515,74.43827712936918
42.367408434574834,4.605560379118071,68.39666187221404
31.95117899335481,2.5882017811420233,78.97605677956162
33.72457562116837,19.090912569589612,71.15035379595702
50.48084946661382,29.80057116681835,72.48871544545698
52.59722501721482,20.651112671274177,73.3296212602723
40.956833748955916,15.113312553729447,72.10793305307227
56.38592458777374,0.8571317461821808,74.19470250234806
33.3847993773104,69.14823059507108,66.91373406726538
49.33920201352684,32.060588976887196,67.20849123026984
37.889838002375434,6.929458572752944,64.49922883514152
43.48163892197841,78.21081145434437,72.19750615310113
50.47398671316414,18.4201160893896,73.89468251756057
41.39586634716048,17.465710040897008,72.28886433075942
46.154444557701744,27.57233256410029,78.37246216673769
60.0629280921444,33.40179067687754,69.97201990585476
44.23108130476851,21.37011781496099,73.34370827796256
58.35692112065142,2.7415132396076993,64.54149561930343
38.702931453423815,8.257877846310166,68.064501487628
55.298041779152825,52.64503012848412,73.47768878782888
64.41568620657901,5.087927757418878,74.24551055371572
25.283554998727105,9.309622188253593,68.53016526167909
42.03104744529523,11.315384534374619,69.64200374070967
55.7707212718054,11.57513081846666,62.410631266595956
47.96954613957007,18.983489611044636,68.21485399596695
53.71145873371309,57.32070767560391,74.45191581759893
43.960148132841795,5.506974485483729,72.87602508053283
50.865897874729,2.590818760099047,72.50332860690605
48.44322764607921,4.399733037877295,70.2488684359048
61.67782061659807,43.59406162201104,70.03531579314088
52.54420843301213,20.758481621524556,66.69839430263276
53.37602662075202,6.734835557580368,73.49414210101267
45.881230338775325,33.85062375549441,72.10486472194695
45.123937759275066,39.518934783993906,72.460094239964
45.67441812180379,37.48296255962151,67.3698257866621
53.944521423782966,50.24799086548464,59.23328540064378
45.79015519179737,5.813491448292308,75.48576355876848
52.89774856896413,28.13336441646111,67.60581271995798
70.75400798645438,12.343714157042285,65.6861211797844
58.711247034316926,36.90302174146903,73.46739455956997
46.73976467832159,26.075176038695137,68.03993680040435
62.012139221639444,29.962175077311855,75.29968192023311
45.91924626978449,21.351683813684183,73.08502974788348
29.61875464822146,3.906403952478917,73.4178466160024
39.91913689082596,15.750340483844091,63.17022144399733
31.292080789741444,83.5585319003389,76.059719926932
46.48486515958692,55.41598776014865,71.30625265616928
50.184183791895514,0.8826689223517215,68.15361430376899
66.76437312275283,3.6020360230150983,70.71694233671126
53.269273737641626,2.825022803053705,61.1188238355084
47.80899471191136,25.89107708120774,72.04326405740335
58.294055811834895,34.051395613916924,64.85314245908964
27.88864690992115,4.803540167001057,63.23664857078233
52.356145581085656,14.09843227679058,62.38820406891055
57.708651938869664,36.739701409556076,75.56344187494963
35.214137542201584,26.395272372943527,66.85368303153605
61.43754043206929,15.628082899075899,77.6686385495825
53.38496407494414,17.848930091400646,67.32099268473851
45.847120860991986,14.20019300136812,61.463210212035264
56.32781866106285,7.06357700003241,64.4173778002567
72.70692857804396,16.64919614936311,76.1790581000347
51.81866255058495,23.35187262193625,69.22050911031667
52.48220586300336,41.32228150214905,67.25856351754699
45.40639100459756,20.22804309749709,70.80009112926393
41.50155630535208,28.636007591710516,72.50891368083772
58.303358165442454,3.4887734097824756,75.58699407951231
41.43916174091133,12.38149037332752,77.24249614946463
50.715662372193925,0.18750864328912314,68.20115677105457
45.223425532348834,5.665273347157338,63.36976156958981
54.78979825746392,25.926273712225715,67.93267419438362
53.33662105286948,96.09670881772277,71.30140253291444
60.375399442578995,2.0889541942218552,65.18120536894695
44.89983601145253,10.266385134428386,65.21424542552478
47.30125064706629,32.19585637803497,71.71893940774943
40.21236284217693,4.564017225231275,69.75673824214775
45.55706739923888,16.197438246952313,70.16398497705794
53.77300493044852,26.41547365136271,66.20752332649965
57.56988616645352,19.141496743295313,68.84799642897116
40.77834675822375,4.165708012669001,65.37883427865847
58.6960592010566,8.782027410459815,74.45099205562393
63.55637858804951,30.63026749787975,75.17624667361876
54.13434903223701,16.158886703923528,60.76906068880953
68.76795812558066,0.10486671668489952,65.35244569903794
42.26210800896427,28.625061336552477,62.51735372454961
37.55345296688583,0.718997546231084,66.74988032796551
32.212797510957216,27.38746922706088,69.58281015104819
64.96044311489183,4.524981373037443,62.75177390150735
56.54365656354058,63.436734391195714,65.39070093437343
49.44415329089545,9.175442825792068,64.98021313959251
52.799686263198204,7.9181668860671275,71.03633664699473
38.74510952701623,3.2242321667023783,70.34672168518125
74.45751979616827,7.294263726977145,66.39131223331373
51.292211819752275,41.85471224353278,70.884104360697
51.09394794604893,112.17492461418112,67.26659957706367
57.25766623898692,9.187115365375602,68.64172444836973
54.810092317367136,11.90628121020739,78.36726045149268
52.23884024279131,25.607787424898195,76.70230525895174
42.09525544554688,43.46551358926028,63.50209381536201
54.714683571359956,17.981020573572334,74.14866208939587
68.82024496475034,9.93601198911863,74.05698277245796
63.454200461549775,10.641728863006746,64.2586835562369
65.93186626639397,23.789445375116888,74.09388821877431
44.88784323568815,0.0644690670446925,77.68965959206277
40.10395179741419,19.330078377851706,64.38727596877793
48.74213079900352,8.78539223459499,65.41248589492868
50.557249122886944,31.616749762215917,75.08830733421752
60.94191518470949,1.9520501797971206,71.35747655412824
33.07535370285181,17.744459787556735,72.75738137619761
65.29550319460614,13.115983237872229,71.70294608200248
48.419921014210104,20.562639929492896,71.95347960464072
45.7311893005258,1.3410435702136372,63.367639358444585
39.87895624739832,17.349239341762885,75.23658853310724
33.451433281342304,16.48720641205761,75.84794996213887
58.231705839619146,16.44963786201368,68.85304627965986
50.73317967188404,18.500962654148235,69.78261525093069
37.10039100258946,22.56914115647508,62.34446248722139
37.04921227936384,32.693986202319856,72.57127378008917
46.64215300709872,6.289303722524986,72.86028720857072
66.69021525289392,34.86503377622462,69.68904491500345
47.40408648636395,13.79329232519219,75.62176679935251
34.96857046881894,1.6037837492673825,68.3296138451003
47.54256935914056,1.2067005215011521,72.823029629468
47.27276430252329,8.136470167205097,64.90167830653942
23.031133570584284,30.732763787940165,69.88223924562881
49.45705133482188,24.598187680415684,69.12822871048581
47.69065469791322,31.081479929471953,71.1265396102047
56.96206364813418,14.565916664303762,68.15236535583321
68.48956094945345,11.603478237958065,69.34263702164166
61.26565029547757,3.1905276845376567,74.13023585720754
47.31111309445169,7.955676306647305,67.81617881380892
38.934740912583294,11.383908344384663,61.96711449630661
75.7335980324986,1.8554774320512346,78.7479195210271
50.59218434014488,4.98492443961226,76.90727039345244
50.13929291912946,18.237275609175217,63.538686524471906
49.758749128899964,26.610618138194017,73.44853902622597
51.98084760767855,128.10945761268286,67.48512614724328
48.556395880760576,54.09511208808631,71.3174360766553
44.26337993119763,20.576046196057447,71.47112064506747
44.53141058759608,10.937626198971955,68.82796099841839
49.672467297840015,20.22177591559709,66.08117167206802
44.56575228866235,30.803052694861854,66.5472947384187
42.871542173228356,2.5188892897206805,65.41904042259378
51.064302276918966,10.549431023394577,65.84088895884777
47.450227825791444,36.626930236760614,69.66410854975322
65.0399298858269,9.684743405698264,66.42120005444625
23.490301916069882,16.9666739242009,73.4102603285631
60.91506851922462,17.72344565063478,77.43623077667964
62.46085192497629,4.078494759007018,67.09973379314978
29.266097675918505,8.995721890978608,71.19702250267689
46.573124059196516,8.144672081772699,72.49842555151467
46.28559134004209,0.5309191042933923,72.36001135459637
35.924883052821784,0.48978382541060633,70.37977633958043
42.22183312409125,35.63979224278279,73.71341209179862
38.894241545341714,6.378524128600701,72.41124476340329
67.52270443423623,14.599491874370411,63.81168788836351
59.35678393147461,7.097119801597861,74.34578032194636
62.71555094994159,56.49592072317046,74.4364541863337
57.21672064043235,6.003104364011886,66.18356947910709
38.70948228782771,11.230340328371808,70.18968917723801
44.75479733720226,41.22892866231186,73.41664496405535
54.89374561227918,36.894797419642565,68.9534309021032
37.778721911080545,4.118390253811239,75.36489023883006
57.12998430172388,32.454851544975874,81.8193624730968
47.59674601841865,12.256682929649099,66.07006983682508
46.251791924504026,13.19304395107585,63.094776984231125
57.10959968203491,2.865401137958053,71.51909297802437
54.4426331148604,1.6807128414664674,73.60781252563072
46.3903383418092,26.034602029028783,68.84566813077616
61.59329803364248,13.721888291937,77.26630331660517
39.189366724001026,11.484210082822626,63.30697100138376
56.15935606944264,26.150272026300758,73.46459311515805
55.93101257968384,29.007093979347705,66.97069589620553
46.904535606860094,3.4610886152079896,78.59688953103648
53.26133022242118,18.84372025833694,79.9625767658406
37.488864236146966,2.9087039905574947,66.16671706108326
59.24027019206901,27.83619775654699,67.2522143204571
48.15097863557011,21.397882012318878,74.297939434899
44.772769794809605,62.75265571920649,68.06434675105243
60.49009225836889,1.4290181501706456,69.77294391033881
42.95656309457241,1.1749405364967493,70.12694210271205
35.91538703636441,6.630925871897281,60.40163421901172
34.433708264760966,6.068254627127664,69.93081126952882
56.06009951345639,5.673237925914545,66.55136112967914
37.19570647503717,47.343449484326186,67.53438588800114
67.54794181984364,5.7415437712721324,77.21816001734408
29.18070592116278,6.3477035130838955,63.71746552860372
66.96456368290038,28.49224507194322,74.06602593373988
52.11017467202618,11.947281977301142,68.60518534834095
49.032868881296075,29.985727965169193,68.60119915752082
44.550809131910505,1.3520087752385033,73.95185948025856
53.991361143520706,13.371869842074736,71.70025647284446
49.62365297575152,0.6838304987589966,72.85306498609765
61.03301882016521,1.2940390302126383,74.84092330266431
51.142276486620396,47.382502362909676,68.34345808408338
51.50301761461878,2.9989159809289005,66.93881632746125
46.36387787786144,15.203725621244198,64.57424736721102
49.43054376278933,10.589828438371228,65.87294735010522
53.07801768892059,8.534081111890732,84.74547212654363
32.89831607343375,46.018398740176536,76.22339790368393
36.518145778942866,0.4413009871000306,63.24462816895989
57.43264094022715,21.80036761665379,63.38771021628215
51.708654381279416,66.15109958936733,72.40933030859246
48.16016663647321,16.42725720561704,72.73632398688983
50.184339330653934,55.23612905838238,72.74441917658682
53.47581705361671,1.073456765916481,68.72522103223152
44.60240319690639,10.852977045945922,69.3727286999855
42.216952745976876,6.026366931013775,71.63939762079679
51.958452550976816,26.24757126146281,70.42946503146665
40.21627222384968,79.58152357683365,58.90349813626233
54.082527557144715,5.928538951673028,68.85100184712402
32.9741639576216,21.23642519660063,65.74296782869843
60.29155637325644,4.415368302685593,70.87605709454256
54.72597482413043,16.663374842959165,84.92629501301705
52.56029734313876,12.469903363446438,71.83740832737152
59.82690983945514,71.5148226181623,68.432351569138
66.65474444462576,18.756788560754668,74.60900750988625
60.1437006501813,8.600475535058212,72.41343943604606
31.591257686683548,2.4229288715124033,72.10047245225921
37.204230332642986,3.279737274428726,73.03425296607836
43.75181422304321,5.106025502817646,80.28271782414771
50.26091050210834,5.779435711227396,64.34555782337043
55.17659020469123,38.02470988526221,72.36816038405728
42.742561868465344,16.47526970233589,65.3680943500923
51.86766764477078,14.82117289570887,72.77756323171124
42.44617067646678,2.438130126825958,65.40656744256952
43.884821970080516,39.342223283101745,67.91316593197458
35.93338903151778,25.661352237477214,68.52455042881047
40.76766753889096,1.4013338543903262,74.87908359672355
36.48315394383666,24.608738012049084,74.59227221971207
40.241267470226674,15.685006012347678,63.77141311776808
60.536417966078396,1.7051749093933655,70.27467055499925
40.50601111168057,12.260882412134048,66.45210072625413
76.32382064837391,13.2599763682987,63.70747544662333
54.93317900880889,3.625031552436329,68.91491474787814
51.84836123694874,58.26393854798992,68.4575860577209
41.41642219818787,37.9391161646937,82.13358243172762
57.003098794089915,22.11408780520436,72.16479912680349
44.24362173762226,12.408924793377714,63.11191249622881
51.220098146453616,10.612593435136882,67.17612997914529
75.60084538268795,21.05214668628117,75.106916477147
49.0394010027535,15.768149486075849,80.44221386434963
61.49273326285676,1.285930600542531,62.07008343881021
42.96823574874112,14.369408438680708,60.60037807430477
49.65011509503038,32.839595767362646,79.35482587685891
67.7080063563551,12.2955899026446,71.94807088685452
43.730329422122324,1.0670994701689867,65.65853634061817
68.12448557996929,30.86160213622474,72.67314543061218
57.07751935455475,4.496994673717481,56.82126130491561
44.37533224105732,5.984861814967405,70.0168775329858
56.32407739055521,3.5994388683480327,71.63910586421542
59.7255444962673,8.015972209434285,74.62135069768915
56.21809962217196,28.273434956330323,64.93052023853731
34.297752801095434,14.653810670480858,70.4284358070168
42.728628241751316,4.5852766957417685,65.37287686970207
47.52481364448495,42.04684802530976,71.27691877837158
49.25566570899954,42.335701021596684,65.52326838818487
56.206720975506784,40.89360360204873,67.9594958041989
51.777010009332535,5.457083328138416,65.02092302604885
36.64655641289899,12.00185792864586,73.25568120911828
53.801978510059634,83.98031449859901,74.29225558328332
56.10585745283823,29.569287443655572,68.82689715021293
55.5979044793104,0.5508655727376305,70.19118997480014
60.807807255546216,1.3485517563822103,62.75704292683228
58.33922154548904,12.469861955421258,68.50161675996607
54.59180079228437,47.98637099307362,69.74897691479127
49.29834288541353,15.47421172007841,83.10396545514988
33.39039066484008,13.77563478097784,64.44016487112918
54.296182191325855,2.2292194903320888,77.32088619376219
52.076876871631114,21.387678862619246,74.98429386732904
52.715788371953735,34.531029012603994,71.40318202245068
37.232514241796906,9.574269239343685,78.79310242097567
39.189434595917376,29.887558366767433,71.86052736303431
60.53152853332904,66.75130324104197,71.94579597833965
49.60444846143345,4.557254862268262,69.73439673491227
56.81500697372624,14.818601554042715,76.11784441209313
50.28318376130461,6.769347337781078,75.48234616905442
50.297561394957455,31.486668864349483,66.87161356251895
59.382838059759976,17.235736818792898,63.40376402700616
44.83955271782626,20.134290356665517,68.98509681302171
50.96120776940983,31.981254389021323,65.99980717801176
45.377247112949576,10.082643918435608,69.68237712692323
45.65503772567684,49.32328425225931,76.1871906734207
46.908278765313604,15.229756749107624,67.71349172456605
52.22133771633713,3.4384322317863676,69.78588309344212
45.212513783365225,23.80791568992776,70.29011367404198
62.55756125573521,31.525996918479095,74.24215441102642
41.05392697780496,7.618230895914206,58.765553330076976
48.13128355838641,38.92329961026724,66.96649852617351
45.60268941725825,47.31971292062333,71.05641846139736
64.46977884353733,6.484279191409287,76.00039478213431
51.965547765115744,82.11394244563478,67.54048776246897
60.31844539468635,3.0330118076101105,60.617236469790626
35.14439626963028,4.513326326293516,73.09855722983067
52.67050265869259,4.072330005351434,66.82318805587185
58.89630795623437,44.884382283682655,64.0516667045482
50.82283989275424,21.24324777069407,66.87827305143388
60.654803750653514,3.2999525250060757,69.07737321172075
44.82711549899628,11.607923897797438,66.97627667730893
64.0934744018558,19.105726710959235,58.97216971450465
72.9889812361925,1.743080506673147,74.48533098443566
46.37161439560341,42.812108806845465,76.37437520639361
45.54497478599228,32.55239768907216,73.25760995669754
64.533844771177,14.072306561636722,64.31157164787592
65.79572145730712,68.30183846100175,68.99254233026241
44.771399728467316,10.817484540587897,69.96739342385271
45.798131829041424,82.84170752902348,72.99397194780956
47.18215391139493,22.04758743269378,73.3417024435904
36.555494889657226,20.139154189870418,66.32913100610752
40.81348053515802,3.629355914132695,70.4099777820678
39.95859233247932,42.72917248176111,72.2864020230762
42.32202434895871,11.154490627004506,77.27911161073384
49.65315112613219,3.540314889653688,73.52253269912362
52.342147325365204,0.2537533824587125,73.94528343687759
65.50500492814076,16.408508834277512,70.4191331396468
40.016459592612094,14.990102293170063,77.05229572601752
59.843223984765835,25.41319689494188,72.04881397979749
47.86011155774491,44.192472114708565,65.69456044913215
49.50536290347567,1.65473600361099,77.01684985062596
56.74819492166604,26.29782587521185,73.48951636269514
38.772779784377015,4.150619883105383,67.78477989435758
53.82409746184051,39.063517051371164,67.60253516300378
51.66452208213056,34.19218429222009,71.48287772570382
54.92451264008149,15.56511668598201,72.31592397633793
52.89168643907818,24.77423886624125,70.98646132815603
74.55300139910895,7.54776301222793,71.55654336721443
43.62260015748684,12.741685735789233,78.4997868728819
44.690030449981826,34.47867811917925,75.35771576117443
43.76859473575236,12.29652636848165,70.95317795632512
44.44522880839745,8.857055923731124,74.70655290383742
43.62612872693482,13.632771081697285,64.8373804823623
61.89016531107552,35.23421990534848,71.98963524973405
64.20504247989855,8.165622809286674,79.04653174866556
44.29253706250524,3.817438378825912,68.90977052303813
41.67644426895771,24.896869634705673,65.76183035690458
54.71415556386404,34.971495465697956,66.73955555703469
44.477769557190285,2.1213815219617684,64.55183481328805
56.32931817755511,5.485424366162706,66.07619045936148
52.029230208513,3.062370681216703,68.14745950704986
34.84255885002768,8.552417231121122,62.97216490410679
65.47505201330061,11.969506958404244,70.07809166974802
67.95877673095522,27.632213889676454,74.51138586893323
43.87211309515614,21.06212651071003,65.46121909926539
46.122984400640156,19.40061230697862,77.59641961820884
52.85865390724905,8.68886742813942,72.55396044263797
53.34456789987025,36.83339690068617,75.15290292812028
56.5854427267283,12.746196880878522,66.71082723073931
70.1020453876635,77.36484833189782,74.27262613533308
48.2305277250595,20.110207540195454,64.54033049802344
42.01702755461546,2.6995571436205053,74.45123750418254
36.20680771985473,22.551198890215108,70.85919669896765
42.69069960058081,7.863933938392204,72.76625609992392
49.66873027126203,23.18809728049773,64.12202697187574
67.94557863517788,1.4436981013908865,65.52465078861698
44.823887009638284,3.8445638091824303,72.98614109126693
52.237879516388986,38.722381020362604,65.258259978879
49.83577103927248,5.154170866135698,72.31603146049561
61.88393273448084,36.28514824225664,63.16431096769877
75.26932425873622,6.549982787574946,74.24087106333334
44.69131227079679,20.5937753550047,63.83738342615746
45.10560557481778,23.693247368592772,72.76149968839762
60.44160877069072,14.37564962577099,73.12815466823001
56.81891489626312,7.285811003779642,66.51614090785212
68.46707325736034,4.781505203293716,72.91013283542364
55.839281853259635,0.6750523842112144,71.30221131666778
46.40707909212941,7.246572238024186,67.30579071903631
55.90654830692309,21.1779949218444,64.95722657961896
61.087035805829075,55.71098891818748,60.1868715416371
58.204821811973645,40.99058532192799,71.74825023649846
55.07274031107298,29.05422049494756,62.175986143189725
60.666746895891535,31.065626868274027,70.47672099720654
61.692955904456724,21.871593678433463,68.68275891958875
63.82158991037527,6.029856265945403,73.39571387719097
56.48709887589643,47.54510184390181,68.48977250255068
48.328819196831454,22.217684348401377,68.35276106826454
51.46713686433323,16.439649757727608,73.65935352144147
62.06508966508357,2.352923957685293,71.67529014542059
41.83064329012764,11.849954467678742,71.58077978591389
53.686733088729014,12.33699649605991,72.34633794904263
46.06661187672639,39.985063837139286,62.32213938396447
50.28744822934817,15.821737979715287,73.78394339993491
62.78451862607299,9.57364112895157,73.06234397006801
51.910990680199035,75.27234320704677,64.91658435711751
50.46436548156149,2.3468759925351703,68.77959763162899
36.40143859020081,10.9826139730267,69.80346356186185
57.46253566027221,0.8586651661376282,69.32751607799133
56.45484181141075,26.934098993262914,71.66929983284267
71.6325472330546,50.03940062327756,77.15683390915592
46.92221765046999,6.571118298280387,75.40883363836414
52.19150327663939,39.08674591025659,63.43890403284297
52.49383683710755,6.912389358365987,73.11034995153024
65.77453279763475,48.330795692279416,76.64466659767704
49.047044676130476,28.04537783224339,71.93404260344602
52.790215257703395,32.68555534352877,75.45490212592983
56.078965097165394,0.36341292828328925,80.06135222850382
51.86609123156358,65.83449944872794,75.11854773053491
45.535663854494715,25.941581043293663,71.24654297820864
51.94089992898308,7.269707227954459,75.22544237042376
60.73631749859772,35.36804743209815,70.72443916548445
39.7348470058894,6.612381552146383,70.11951521642477
51.32969674146876,41.23263594828833,68.24292882143133
42.99879185060827,2.388746849621884,77.81706679416054
61.950466289248425,24.326710000883732,65.90785667028999
34.76813095216225,15.560967419345106,77.66183862339058
44.410781527284115,2.0303464305301904,72.49932061870186
53.772118750645205,5.5386366977660275,63.00346912599029
65.65524029234341,0.2496321695005604,71.83824646495711
49.34249738927012,12.651127533205639,59.49986746174188
44.44800473306802,7.169681896743889,73.12754008415519
68.8115706944059,18.24385700831144,74.42615741494495
35.51986099583756,7.054734398904734,67.03822022173973
28.011940433799182,7.131187912493482,70.61773847977791
54.40014450053332,27.188624456540524,79.77078716875143
44.97945775647389,0.9868058647991073,67.47126647869031
39.787671828692865,46.639247243823576,64.705462064717
57.08356447299353,38.246550632281526,77.40831701231299
52.43800713771199,22.04064359026824,79.81293595265397
44.359213692632714,17.989732801526802,70.01847835923924
37.19695601329106,44.568577808861114,75.05731517704179
58.724573282801444,4.099447521679775,76.70737957765441
56.50201177958661,1.6452352064820484,66.28757883730808
49.00824136220617,5.475850800686378,67.57347082316066
68.46636996047665,31.65380471725468,76.15437256577367
39.29915233673847,0.7057108699065301,78.42507139354255
34.74474829075261,17.48411878439134,72.81440430087177
43.080919301187556,107.79776217720168,65.60092823248974
49.54413983644502,38.71667487671538,79.9353055584972
52.43339449322692,14.739711440176356,67.34514551094017
47.5876394214367,1.3151246430506303,68.32431109414274
53.520553965142966,35.60138308653479,71.7116891724481
37.48460575809556,18.27480515087411,77.77080210357387
64.4376460407326,2.4418385460563456,74.26987988276112
49.178488216074314,1.97116926148923,72.07432750180955
61.172958315881274,48.076154615686775,72.31644265059053
53.42725346377704,22.12484221376102,70.21757334321732
54.567532191537836,35.355406390448096,72.79069757259253
55.69767280232204,42.23580741509883,57.352199611528484
54.47708560017315,16.962006741298403,68.51696270465101
56.42722759867544,14.573263526231575,71.2066096745839
63.29152530132431,11.257380841891486,64.24492958190247
51.9652116970147,7.623644402267663,71.9316165890578
57.09003757588512,11.404293797662676,68.97764389506939
49.102643057127736,29.73375849333452,78.77737849157745
64.40117215449473,18.422218156342204,77.86509862607429
43.2360769794073,44.60962211258672,67.67097215440918
68.00940432910815,11.71745047843888,69.24581144216653
49.59842049355657,18.683472575305778,69.63026217195804
35.69224897881952,19.95584919381853,67.74170261920189
51.28104414910789,17.914922613190257,70.97512492014063
43.18948342525119,24.255816251059557,66.20858965556205
58.406435489887244,5.421310394332255,64.34692332531237
43.47376020697609,14.363711938048278,73.11355611950134
45.538165667852205,2.2013158695666166,73.14764792110905
31.104592690544692,9.706774749981193,65.97842120170004
45.47693680750923,13.375612173375064,74.476777153813
25.761206733710434,21.123948618385768,66.84211135417334
34.16097176514277,60.12820262463886,71.26582619018991
57.604146561442974,18.358394486662004,74.10172006306227
57.85800158650832,27.21985652713184,69.83193717648143
54.254575617849646,14.115169777113545,72.27370456070567
40.33023856870787,20.108124494348033,67.41785178056215
49.5228864385802,1.4714715699226009,69.01766708285952
49.963974609094315,5.871094477702782,68.9707028455983
38.416353108074574,8.98373521418981,66.26710826729881
65.0339830176715,12.791876331344174,69.11612918442108
58.77362290575671,0.9344696800468242,62.25690850568127
47.79035826170336,3.017018210759944,67.54423126428948
50.26885838994531,6.481785082066823,68.57562253315164
52.08382807947552,71.17997798463182,68.7191012375231
29.582651315757094,8.04980097288224,68.79251277064611
47.52822617479403,13.157186052575021,69.69117900069935
43.180157520022014,4.36555100891286,72.39720759043033
39.983799901050844,18.872214502798318,74.37258537066262
47.18899707114045,6.589068558228242,66.75117386575866
67.97686526849523,4.638453970985004,63.98399572305428
56.4084286126701,14.537083786488411,64.78977793878448
44.28821010217203,0.11042023874619544,67.56398539402537
55.72582781356159,0.15387104540800603,68.24039341091745
